{"errors":[],"warnings":[],"namedChunkGroups":{"app":{"chunks":[8,3],"assets":["webpack-runtime-06d4262d7b6f0ba37fac.js","webpack-runtime-06d4262d7b6f0ba37fac.js.map","app-a29e0796f4c65d26d7ca.js","app-a29e0796f4c65d26d7ca.js.map"],"children":{},"childAssets":{}},"component---node-modules-gatsby-plugin-offline-app-shell-js":{"chunks":[4],"assets":["component---node-modules-gatsby-plugin-offline-app-shell-js-fcf9b870675ab4386cae.js","component---node-modules-gatsby-plugin-offline-app-shell-js-fcf9b870675ab4386cae.js.map"],"children":{},"childAssets":{}},"component---src-templates-blog-post-js":{"chunks":[0,2,1,7],"assets":["0-fe2eb699eb4c77862347.js","0-fe2eb699eb4c77862347.js.map","2-ebc814aa677e19fc425e.js","2-ebc814aa677e19fc425e.js.map","1.22274648f31374b2ee57.css","1-988d0638962ef7103210.js","1-988d0638962ef7103210.js.map","component---src-templates-blog-post-js-247e90c2aa9d95319c77.js","component---src-templates-blog-post-js-247e90c2aa9d95319c77.js.map"],"children":{},"childAssets":{}},"component---src-pages-404-js":{"chunks":[0,1,5],"assets":["0-fe2eb699eb4c77862347.js","0-fe2eb699eb4c77862347.js.map","1.22274648f31374b2ee57.css","1-988d0638962ef7103210.js","1-988d0638962ef7103210.js.map","component---src-pages-404-js-37295a3ae44bcfb796a5.js","component---src-pages-404-js-37295a3ae44bcfb796a5.js.map"],"children":{},"childAssets":{}},"component---src-pages-index-js":{"chunks":[0,2,1,6],"assets":["0-fe2eb699eb4c77862347.js","0-fe2eb699eb4c77862347.js.map","2-ebc814aa677e19fc425e.js","2-ebc814aa677e19fc425e.js.map","1.22274648f31374b2ee57.css","1-988d0638962ef7103210.js","1-988d0638962ef7103210.js.map","component---src-pages-index-js-0d6243ed7c120c41c891.js","component---src-pages-index-js-0d6243ed7c120c41c891.js.map"],"children":{},"childAssets":{}}},"assetsByChunkName":{"app":["webpack-runtime-06d4262d7b6f0ba37fac.js","app-a29e0796f4c65d26d7ca.js"],"component---node-modules-gatsby-plugin-offline-app-shell-js":["component---node-modules-gatsby-plugin-offline-app-shell-js-fcf9b870675ab4386cae.js"],"component---src-templates-blog-post-js":["0-fe2eb699eb4c77862347.js","2-ebc814aa677e19fc425e.js","1.22274648f31374b2ee57.css","1-988d0638962ef7103210.js","component---src-templates-blog-post-js-247e90c2aa9d95319c77.js"],"component---src-pages-404-js":["0-fe2eb699eb4c77862347.js","1.22274648f31374b2ee57.css","1-988d0638962ef7103210.js","component---src-pages-404-js-37295a3ae44bcfb796a5.js"],"component---src-pages-index-js":["0-fe2eb699eb4c77862347.js","2-ebc814aa677e19fc425e.js","1.22274648f31374b2ee57.css","1-988d0638962ef7103210.js","component---src-pages-index-js-0d6243ed7c120c41c891.js"]}}