{"errors":[],"warnings":[],"namedChunkGroups":{"app":{"chunks":[8,3],"assets":["webpack-runtime-73f6ab0cac607bb9a5ea.js","webpack-runtime-73f6ab0cac607bb9a5ea.js.map","app-c469dd8006a47d408808.js","app-c469dd8006a47d408808.js.map"],"children":{},"childAssets":{}},"component---node-modules-gatsby-plugin-offline-app-shell-js":{"chunks":[4],"assets":["component---node-modules-gatsby-plugin-offline-app-shell-js-fcf9b870675ab4386cae.js","component---node-modules-gatsby-plugin-offline-app-shell-js-fcf9b870675ab4386cae.js.map"],"children":{},"childAssets":{}},"component---src-templates-blog-post-js":{"chunks":[0,2,1,7],"assets":["0-b97e875bb85a8f667aa6.js","0-b97e875bb85a8f667aa6.js.map","2-ebc814aa677e19fc425e.js","2-ebc814aa677e19fc425e.js.map","1.22274648f31374b2ee57.css","1-988d0638962ef7103210.js","1-988d0638962ef7103210.js.map","component---src-templates-blog-post-js-247e90c2aa9d95319c77.js","component---src-templates-blog-post-js-247e90c2aa9d95319c77.js.map"],"children":{},"childAssets":{}},"component---src-pages-404-js":{"chunks":[0,1,5],"assets":["0-b97e875bb85a8f667aa6.js","0-b97e875bb85a8f667aa6.js.map","1.22274648f31374b2ee57.css","1-988d0638962ef7103210.js","1-988d0638962ef7103210.js.map","component---src-pages-404-js-37295a3ae44bcfb796a5.js","component---src-pages-404-js-37295a3ae44bcfb796a5.js.map"],"children":{},"childAssets":{}},"component---src-pages-index-js":{"chunks":[0,2,1,6],"assets":["0-b97e875bb85a8f667aa6.js","0-b97e875bb85a8f667aa6.js.map","2-ebc814aa677e19fc425e.js","2-ebc814aa677e19fc425e.js.map","1.22274648f31374b2ee57.css","1-988d0638962ef7103210.js","1-988d0638962ef7103210.js.map","component---src-pages-index-js-0d6243ed7c120c41c891.js","component---src-pages-index-js-0d6243ed7c120c41c891.js.map"],"children":{},"childAssets":{}}},"assetsByChunkName":{"app":["webpack-runtime-73f6ab0cac607bb9a5ea.js","app-c469dd8006a47d408808.js"],"component---node-modules-gatsby-plugin-offline-app-shell-js":["component---node-modules-gatsby-plugin-offline-app-shell-js-fcf9b870675ab4386cae.js"],"component---src-templates-blog-post-js":["0-b97e875bb85a8f667aa6.js","2-ebc814aa677e19fc425e.js","1.22274648f31374b2ee57.css","1-988d0638962ef7103210.js","component---src-templates-blog-post-js-247e90c2aa9d95319c77.js"],"component---src-pages-404-js":["0-b97e875bb85a8f667aa6.js","1.22274648f31374b2ee57.css","1-988d0638962ef7103210.js","component---src-pages-404-js-37295a3ae44bcfb796a5.js"],"component---src-pages-index-js":["0-b97e875bb85a8f667aa6.js","2-ebc814aa677e19fc425e.js","1.22274648f31374b2ee57.css","1-988d0638962ef7103210.js","component---src-pages-index-js-0d6243ed7c120c41c891.js"]}}